{"schemaVersion":"1.0","appDefinitionTemplate":{"id":"/providers/Microsoft.PowerApps/apps/","type":"Microsoft.PowerApps/apps","tags":{"primaryDeviceWidth":"1366","primaryDeviceHeight":"768","supportsPortrait":"true","supportsLandscape":"true","primaryFormFactor":"Tablet","publisherVersion":"3.22103.19","minimumRequiredApiVersion":"2.2.0","hasComponent":"false","hasUnlockedComponent":"false","isUnifiedRootApp":"false","sienaVersion":"20221026T035501Z-3.22103.19.0"},"properties":{"appVersion":"2022-10-26T03:55:01Z","lifeCycleId":"Published","createdByClientVersion":{"major":3,"minor":22103,"build":19,"revision":0,"majorRevision":0,"minorRevision":0},"minClientVersion":{"major":3,"minor":22103,"build":19,"revision":0,"majorRevision":0,"minorRevision":0},"backgroundColor":"RGBA(0,176,240,1)","backgroundImageUri":"/12087019432832984006/Na600d9b6-6164-4253-9e22-2e02d551de97-logoSmallFile","displayName":"Is","description":"","commitMessage":"","appUris":{"documentUri":{"value":"/12087019432832984006/N1f8d87b4-a135-4740-9a92-37c22da3f4ed-document.msapp"},"imageUris":[],"additionalUris":[]},"createdTime":"0001-01-01T00:00:00Z","lastModifiedTime":"0001-01-01T00:00:00Z","sharedGroupsCount":0,"sharedUsersCount":0,"icons":{"smallIconUri":"/12087019432832984006/Nd8cae3c5-2bf3-45dc-909f-6c638876cec0-small.png","mediumIconUri":"/12087019432832984006/N40fb9972-d8d8-4a6d-9b1d-1fc0d4db5d37-medium.png","largeIconUri":"/12087019432832984006/Nf4c6c8a7-5ba1-40f6-a446-e4d047feb20f-large.png","wideIconUri":"/12087019432832984006/N92b49a8c-91ff-4d58-814a-c8783f4d08c7-wide.png"},"connectionReferences":{},"databaseReferences":{},"almMode":"Environment","performanceOptimizationEnabled":true,"canConsumeAppPass":true,"enableModernRuntimeMode":false,"executionRestrictions":{"isTeamsOnly":false,"dataLossPreventionEvaluationResult":{"status":"Compliant","lastEvaluationDate":"2022-10-26T03:11:58.9104804Z","violations":[],"violationsByPolicy":[],"violationErrorMessage":"このアプリでは、次のコネクタが使用されます: 。"}}},"appType":"ClassicCanvasApp","appComponents":[]}}